{
  "project_info": {
    "project_number": "729268709222",
    "project_id": "basicmessenger-fe29d",
    "storage_bucket": "basicmessenger-fe29d.firebasestorage.app"
  },
  "client": [
    {
      "client_info": {
        "mobilesdk_app_id": "1:729268709222:android:7d1c199a93cb8337e8caa7",
        "android_client_info": {
          "package_name": "com.example.basicmessenger"
        }
      },
      "oauth_client": [],
      "api_key": [
        {
          "current_key": "AIzaSyBZKVNSA2pmxzZ5t0JazDJob8nJv1bdpa8"
        }
      ],
      "services": {
        "appinvite_service": {
          "other_platform_oauth_client": []
        }
      }
    }
  ],
  "configuration_version": "1"
}